{
  "backend": "voyage-hybrid",
  "timestamp": "2026-06-12T08:56:42",
  "subset": false,
  "top_k": 5,
  "retrieval_floor": 0.3,
  "locked_baseline_p_at_1": 0.911,
  "rows_scored": 3430,
  "errors": 0,
  "overall": {
    "precision@1": 0.5148688046647231,
    "precision@3": 0.7160349854227406,
    "mrr": 0.6186491739552943,
    "mean_top1_score": 1.0,
    "pct_top1_above_floor": 1.0
  },
  "gate": {
    "baseline_p_at_1": 0.911,
    "p_at_1": 0.5148688046647231,
    "delta": -0.39613119533527696,
    "pass": false
  },
  "by_strand": {
    "algebra": {
      "precision@1": 0.456575682382134,
      "precision@3": 0.6674937965260546,
      "mrr": 0.5630686517783297,
      "mean_top1_score": 1.0,
      "pct_top1_above_floor": 1.0,
      "n": 403,
      "errors": 0
    },
    "avm": {
      "precision@1": 0.6949152542372882,
      "precision@3": 0.864406779661017,
      "mrr": 0.7740112994350283,
      "mean_top1_score": 1.0,
      "pct_top1_above_floor": 1.0,
      "n": 59,
      "errors": 0
    },
    "complex-numbers": {
      "precision@1": 0.6133333333333333,
      "precision@3": 0.8666666666666667,
      "mrr": 0.7315555555555554,
      "mean_top1_score": 1.0,
      "pct_top1_above_floor": 1.0,
      "n": 150,
      "errors": 0
    },
    "differentiation": {
      "precision@1": 0.453125,
      "precision@3": 0.6171875,
      "mrr": 0.5438368055555557,
      "mean_top1_score": 1.0,
      "pct_top1_above_floor": 1.0,
      "n": 384,
      "errors": 0
    },
    "financial-maths": {
      "precision@1": 0.6724137931034483,
      "precision@3": 0.8879310344827587,
      "mrr": 0.7729885057471264,
      "mean_top1_score": 1.0,
      "pct_top1_above_floor": 1.0,
      "n": 116,
      "errors": 0
    },
    "functions-graphs": {
      "precision@1": 0.4935064935064935,
      "precision@3": 0.6948051948051948,
      "mrr": 0.6048701298701298,
      "mean_top1_score": 1.0,
      "pct_top1_above_floor": 1.0,
      "n": 154,
      "errors": 0
    },
    "geometry": {
      "precision@1": 0.5795918367346938,
      "precision@3": 0.8204081632653061,
      "mrr": 0.698639455782313,
      "mean_top1_score": 1.0,
      "pct_top1_above_floor": 1.0,
      "n": 245,
      "errors": 0
    },
    "indices-logs": {
      "precision@1": 0.42780748663101603,
      "precision@3": 0.6310160427807486,
      "mrr": 0.5329768270944741,
      "mean_top1_score": 1.0,
      "pct_top1_above_floor": 1.0,
      "n": 187,
      "errors": 0
    },
    "induction": {
      "precision@1": 0.8421052631578947,
      "precision@3": 0.9473684210526315,
      "mrr": 0.8947368421052632,
      "mean_top1_score": 1.0,
      "pct_top1_above_floor": 1.0,
      "n": 19,
      "errors": 0
    },
    "integration": {
      "precision@1": 0.6666666666666666,
      "precision@3": 0.8402777777777778,
      "mrr": 0.7531249999999999,
      "mean_top1_score": 1.0,
      "pct_top1_above_floor": 1.0,
      "n": 144,
      "errors": 0
    },
    "number-theory": {
      "precision@1": 0.6521739130434783,
      "precision@3": 0.8695652173913043,
      "mrr": 0.7714975845410629,
      "mean_top1_score": 1.0,
      "pct_top1_above_floor": 1.0,
      "n": 69,
      "errors": 0
    },
    "probability": {
      "precision@1": 0.4838709677419355,
      "precision@3": 0.6082949308755761,
      "mrr": 0.5556067588325653,
      "mean_top1_score": 1.0,
      "pct_top1_above_floor": 1.0,
      "n": 217,
      "errors": 0
    },
    "sequences-series": {
      "precision@1": 0.35714285714285715,
      "precision@3": 0.5535714285714286,
      "mrr": 0.4676587301587302,
      "mean_top1_score": 1.0,
      "pct_top1_above_floor": 1.0,
      "n": 168,
      "errors": 0
    },
    "sequences-series-introduction": {
      "precision@1": 0.16666666666666666,
      "precision@3": 0.3333333333333333,
      "mrr": 0.26666666666666666,
      "mean_top1_score": 1.0,
      "pct_top1_above_floor": 1.0,
      "n": 12,
      "errors": 0
    },
    "sequences-series-patterns": {
      "precision@1": 0.46153846153846156,
      "precision@3": 0.7692307692307693,
      "mrr": 0.6333333333333333,
      "mean_top1_score": 1.0,
      "pct_top1_above_floor": 1.0,
      "n": 13,
      "errors": 0
    },
    "statistics": {
      "precision@1": 0.5028571428571429,
      "precision@3": 0.72,
      "mrr": 0.6226666666666667,
      "mean_top1_score": 1.0,
      "pct_top1_above_floor": 1.0,
      "n": 175,
      "errors": 0
    },
    "the-circle": {
      "precision@1": 0.5733333333333334,
      "precision@3": 0.7533333333333333,
      "mrr": 0.6696666666666665,
      "mean_top1_score": 1.0,
      "pct_top1_above_floor": 1.0,
      "n": 150,
      "errors": 0
    },
    "the-line": {
      "precision@1": 0.551948051948052,
      "precision@3": 0.8051948051948052,
      "mrr": 0.6794372294372293,
      "mean_top1_score": 1.0,
      "pct_top1_above_floor": 1.0,
      "n": 154,
      "errors": 0
    },
    "trigonometry": {
      "precision@1": 0.5073649754500819,
      "precision@3": 0.7184942716857611,
      "mrr": 0.611893071467539,
      "mean_top1_score": 1.0,
      "pct_top1_above_floor": 1.0,
      "n": 611,
      "errors": 0
    }
  },
  "by_source": {
    "phrasings": {
      "precision@1": 0.7403973509933774,
      "precision@3": 0.9397350993377483,
      "mrr": 0.8382781456953639,
      "mean_top1_score": 1.0,
      "pct_top1_above_floor": 1.0,
      "n": 1510,
      "errors": 0
    },
    "solution_cross_ref": {
      "precision@1": 0.3375,
      "precision@3": 0.5401041666666667,
      "mrr": 0.4459201388888899,
      "mean_top1_score": 1.0,
      "pct_top1_above_floor": 1.0,
      "n": 1920,
      "errors": 0
    }
  },
  "strand_regressions": [],
  "scope": "full"
}
