{
  "backend": "voyage-hybrid-rerank",
  "timestamp": "2026-06-12T08:56:43",
  "subset": false,
  "top_k": 5,
  "retrieval_floor": 0.3,
  "locked_baseline_p_at_1": 0.911,
  "rows_scored": 3430,
  "errors": 0,
  "overall": {
    "precision@1": 0.6448979591836734,
    "precision@3": 0.8160349854227406,
    "mrr": 0.7294995140913507,
    "mean_top1_score": 1.0,
    "pct_top1_above_floor": 1.0
  },
  "gate": {
    "baseline_p_at_1": 0.911,
    "p_at_1": 0.6448979591836734,
    "delta": -0.2661020408163266,
    "pass": false
  },
  "by_strand": {
    "algebra": {
      "precision@1": 0.652605459057072,
      "precision@3": 0.7890818858560794,
      "mrr": 0.724110835401158,
      "mean_top1_score": 1.0,
      "pct_top1_above_floor": 1.0,
      "n": 403,
      "errors": 0
    },
    "avm": {
      "precision@1": 0.7796610169491526,
      "precision@3": 0.864406779661017,
      "mrr": 0.8225988700564972,
      "mean_top1_score": 1.0,
      "pct_top1_above_floor": 1.0,
      "n": 59,
      "errors": 0
    },
    "complex-numbers": {
      "precision@1": 0.76,
      "precision@3": 0.96,
      "mrr": 0.8499999999999998,
      "mean_top1_score": 1.0,
      "pct_top1_above_floor": 1.0,
      "n": 150,
      "errors": 0
    },
    "differentiation": {
      "precision@1": 0.5911458333333334,
      "precision@3": 0.7890625,
      "mrr": 0.6819010416666672,
      "mean_top1_score": 1.0,
      "pct_top1_above_floor": 1.0,
      "n": 384,
      "errors": 0
    },
    "financial-maths": {
      "precision@1": 0.6551724137931034,
      "precision@3": 0.9051724137931034,
      "mrr": 0.7701149425287354,
      "mean_top1_score": 1.0,
      "pct_top1_above_floor": 1.0,
      "n": 116,
      "errors": 0
    },
    "functions-graphs": {
      "precision@1": 0.6818181818181818,
      "precision@3": 0.8116883116883117,
      "mrr": 0.746103896103896,
      "mean_top1_score": 1.0,
      "pct_top1_above_floor": 1.0,
      "n": 154,
      "errors": 0
    },
    "geometry": {
      "precision@1": 0.6204081632653061,
      "precision@3": 0.8653061224489796,
      "mrr": 0.7321088435374152,
      "mean_top1_score": 1.0,
      "pct_top1_above_floor": 1.0,
      "n": 245,
      "errors": 0
    },
    "indices-logs": {
      "precision@1": 0.5561497326203209,
      "precision@3": 0.7379679144385026,
      "mrr": 0.6454545454545451,
      "mean_top1_score": 1.0,
      "pct_top1_above_floor": 1.0,
      "n": 187,
      "errors": 0
    },
    "induction": {
      "precision@1": 0.9473684210526315,
      "precision@3": 1.0,
      "mrr": 0.9736842105263158,
      "mean_top1_score": 1.0,
      "pct_top1_above_floor": 1.0,
      "n": 19,
      "errors": 0
    },
    "integration": {
      "precision@1": 0.6805555555555556,
      "precision@3": 0.9305555555555556,
      "mrr": 0.8009259259259258,
      "mean_top1_score": 1.0,
      "pct_top1_above_floor": 1.0,
      "n": 144,
      "errors": 0
    },
    "number-theory": {
      "precision@1": 0.8695652173913043,
      "precision@3": 0.9710144927536232,
      "mrr": 0.9178743961352658,
      "mean_top1_score": 1.0,
      "pct_top1_above_floor": 1.0,
      "n": 69,
      "errors": 0
    },
    "probability": {
      "precision@1": 0.6589861751152074,
      "precision@3": 0.8018433179723502,
      "mrr": 0.7310291858678953,
      "mean_top1_score": 1.0,
      "pct_top1_above_floor": 1.0,
      "n": 217,
      "errors": 0
    },
    "sequences-series": {
      "precision@1": 0.44047619047619047,
      "precision@3": 0.6845238095238095,
      "mrr": 0.5675595238095237,
      "mean_top1_score": 1.0,
      "pct_top1_above_floor": 1.0,
      "n": 168,
      "errors": 0
    },
    "sequences-series-introduction": {
      "precision@1": 0.3333333333333333,
      "precision@3": 0.5833333333333334,
      "mrr": 0.48194444444444445,
      "mean_top1_score": 1.0,
      "pct_top1_above_floor": 1.0,
      "n": 12,
      "errors": 0
    },
    "sequences-series-patterns": {
      "precision@1": 0.7692307692307693,
      "precision@3": 1.0,
      "mrr": 0.858974358974359,
      "mean_top1_score": 1.0,
      "pct_top1_above_floor": 1.0,
      "n": 13,
      "errors": 0
    },
    "statistics": {
      "precision@1": 0.6514285714285715,
      "precision@3": 0.8,
      "mrr": 0.7391428571428573,
      "mean_top1_score": 1.0,
      "pct_top1_above_floor": 1.0,
      "n": 175,
      "errors": 0
    },
    "the-circle": {
      "precision@1": 0.7066666666666667,
      "precision@3": 0.8533333333333334,
      "mrr": 0.782111111111111,
      "mean_top1_score": 1.0,
      "pct_top1_above_floor": 1.0,
      "n": 150,
      "errors": 0
    },
    "the-line": {
      "precision@1": 0.6753246753246753,
      "precision@3": 0.8571428571428571,
      "mrr": 0.7728354978354978,
      "mean_top1_score": 1.0,
      "pct_top1_above_floor": 1.0,
      "n": 154,
      "errors": 0
    },
    "trigonometry": {
      "precision@1": 0.6448445171849427,
      "precision@3": 0.7757774140752864,
      "mrr": 0.7109656301145658,
      "mean_top1_score": 1.0,
      "pct_top1_above_floor": 1.0,
      "n": 611,
      "errors": 0
    }
  },
  "by_source": {
    "phrasings": {
      "precision@1": 0.8900662251655629,
      "precision@3": 0.9947019867549669,
      "mrr": 0.9401103752759379,
      "mean_top1_score": 1.0,
      "pct_top1_above_floor": 1.0,
      "n": 1510,
      "errors": 0
    },
    "solution_cross_ref": {
      "precision@1": 0.45208333333333334,
      "precision@3": 0.6755208333333333,
      "mrr": 0.5638628472222238,
      "mean_top1_score": 1.0,
      "pct_top1_above_floor": 1.0,
      "n": 1920,
      "errors": 0
    }
  },
  "strand_regressions": [],
  "scope": "full"
}
