{
  "backend": "local-bge-cosine",
  "timestamp": "2026-05-29T14:25:26",
  "subset": true,
  "top_k": 5,
  "retrieval_floor": 0.3,
  "locked_baseline_p_at_1": 0.911,
  "rows_scored": 200,
  "errors": 0,
  "overall": {
    "precision@1": 0.33,
    "precision@3": 0.475,
    "mrr": 0.41166666666666674,
    "mean_top1_score": 0.7449554600000005,
    "pct_top1_above_floor": 1.0
  },
  "gate": {
    "baseline_p_at_1": 0.911,
    "p_at_1": 0.33,
    "delta": -0.581,
    "pass": false
  },
  "by_strand": {
    "algebra": {
      "precision@1": 0.23529411764705882,
      "precision@3": 0.47058823529411764,
      "mrr": 0.3352941176470588,
      "mean_top1_score": 0.736779705882353,
      "pct_top1_above_floor": 1.0,
      "n": 17,
      "errors": 0
    },
    "avm": {
      "precision@1": 0.5,
      "precision@3": 0.625,
      "mrr": 0.5625,
      "mean_top1_score": 0.7594468750000001,
      "pct_top1_above_floor": 1.0,
      "n": 8,
      "errors": 0
    },
    "complex-numbers": {
      "precision@1": 0.5,
      "precision@3": 0.75,
      "mrr": 0.625,
      "mean_top1_score": 0.7933746249999999,
      "pct_top1_above_floor": 1.0,
      "n": 8,
      "errors": 0
    },
    "differentiation": {
      "precision@1": 0.25,
      "precision@3": 0.375,
      "mrr": 0.3125,
      "mean_top1_score": 0.738191625,
      "pct_top1_above_floor": 1.0,
      "n": 16,
      "errors": 0
    },
    "financial-maths": {
      "precision@1": 0.6923076923076923,
      "precision@3": 0.8461538461538461,
      "mrr": 0.7692307692307693,
      "mean_top1_score": 0.7327067692307693,
      "pct_top1_above_floor": 1.0,
      "n": 13,
      "errors": 0
    },
    "functions-graphs": {
      "precision@1": 0.3333333333333333,
      "precision@3": 0.4444444444444444,
      "mrr": 0.3888888888888889,
      "mean_top1_score": 0.7427284444444445,
      "pct_top1_above_floor": 1.0,
      "n": 9,
      "errors": 0
    },
    "geometry": {
      "precision@1": 0.23076923076923078,
      "precision@3": 0.38461538461538464,
      "mrr": 0.3269230769230769,
      "mean_top1_score": 0.7815398461538461,
      "pct_top1_above_floor": 1.0,
      "n": 13,
      "errors": 0
    },
    "indices-logs": {
      "precision@1": 0.25,
      "precision@3": 0.375,
      "mrr": 0.3125,
      "mean_top1_score": 0.7342412500000001,
      "pct_top1_above_floor": 1.0,
      "n": 8,
      "errors": 0
    },
    "induction": {
      "precision@1": 0.2,
      "precision@3": 0.2,
      "mrr": 0.3,
      "mean_top1_score": 0.792854,
      "pct_top1_above_floor": 1.0,
      "n": 5,
      "errors": 0
    },
    "integration": {
      "precision@1": 0.42857142857142855,
      "precision@3": 0.42857142857142855,
      "mrr": 0.42857142857142855,
      "mean_top1_score": 0.7259417142857142,
      "pct_top1_above_floor": 1.0,
      "n": 7,
      "errors": 0
    },
    "number-theory": {
      "precision@1": 0.5555555555555556,
      "precision@3": 0.7777777777777778,
      "mrr": 0.6481481481481483,
      "mean_top1_score": 0.7367115555555555,
      "pct_top1_above_floor": 1.0,
      "n": 9,
      "errors": 0
    },
    "probability": {
      "precision@1": 0.2727272727272727,
      "precision@3": 0.45454545454545453,
      "mrr": 0.38636363636363635,
      "mean_top1_score": 0.7005711818181818,
      "pct_top1_above_floor": 1.0,
      "n": 11,
      "errors": 0
    },
    "sequences-series": {
      "precision@1": 0.125,
      "precision@3": 0.125,
      "mrr": 0.15,
      "mean_top1_score": 0.714111125,
      "pct_top1_above_floor": 1.0,
      "n": 8,
      "errors": 0
    },
    "sequences-series-introduction": {
      "precision@1": 0.25,
      "precision@3": 0.25,
      "mrr": 0.3,
      "mean_top1_score": 0.7438925000000001,
      "pct_top1_above_floor": 1.0,
      "n": 4,
      "errors": 0
    },
    "sequences-series-patterns": {
      "precision@1": 0.25,
      "precision@3": 0.25,
      "mrr": 0.3,
      "mean_top1_score": 0.72355625,
      "pct_top1_above_floor": 1.0,
      "n": 4,
      "errors": 0
    },
    "statistics": {
      "precision@1": 0.18181818181818182,
      "precision@3": 0.36363636363636365,
      "mrr": 0.31363636363636366,
      "mean_top1_score": 0.6972208181818182,
      "pct_top1_above_floor": 1.0,
      "n": 11,
      "errors": 0
    },
    "the-circle": {
      "precision@1": 0.5625,
      "precision@3": 0.8125,
      "mrr": 0.6927083333333333,
      "mean_top1_score": 0.7813149374999999,
      "pct_top1_above_floor": 1.0,
      "n": 16,
      "errors": 0
    },
    "the-line": {
      "precision@1": 0.4666666666666667,
      "precision@3": 0.4666666666666667,
      "mrr": 0.48333333333333334,
      "mean_top1_score": 0.7549391333333333,
      "pct_top1_above_floor": 1.0,
      "n": 15,
      "errors": 0
    },
    "trigonometry": {
      "precision@1": 0.0,
      "precision@3": 0.2222222222222222,
      "mrr": 0.10648148148148147,
      "mean_top1_score": 0.7515955,
      "pct_top1_above_floor": 1.0,
      "n": 18,
      "errors": 0
    }
  },
  "by_source": {
    "phrasings": {
      "precision@1": 0.6301369863013698,
      "precision@3": 0.8082191780821918,
      "mrr": 0.7173515981735161,
      "mean_top1_score": 0.7683422054794519,
      "pct_top1_above_floor": 1.0,
      "n": 73,
      "errors": 0
    },
    "solution_cross_ref": {
      "precision@1": 0.15748031496062992,
      "precision@3": 0.28346456692913385,
      "mrr": 0.23595800524934382,
      "mean_top1_score": 0.7315126850393702,
      "pct_top1_above_floor": 1.0,
      "n": 127,
      "errors": 0
    }
  },
  "strand_regressions": [],
  "scope": "subset"
}
