{
  "backend": "local-arctic-cosine",
  "timestamp": "2026-05-29T14:19:47",
  "subset": false,
  "top_k": 5,
  "retrieval_floor": 0.3,
  "locked_baseline_p_at_1": 0.911,
  "rows_scored": 3430,
  "errors": 0,
  "overall": {
    "precision@1": 0.44081632653061226,
    "precision@3": 0.6329446064139942,
    "mrr": 0.5410204081632632,
    "mean_top1_score": 0.3854673320699711,
    "pct_top1_above_floor": 0.8644314868804664
  },
  "gate": {
    "baseline_p_at_1": 0.911,
    "p_at_1": 0.44081632653061226,
    "delta": -0.4701836734693878,
    "pass": false
  },
  "by_strand": {
    "algebra": {
      "precision@1": 0.4267990074441687,
      "precision@3": 0.6129032258064516,
      "mrr": 0.5227874276261375,
      "mean_top1_score": 0.37920348387096753,
      "pct_top1_above_floor": 0.8709677419354839,
      "n": 403,
      "errors": 0
    },
    "avm": {
      "precision@1": 0.6101694915254238,
      "precision@3": 0.7627118644067796,
      "mrr": 0.6751412429378532,
      "mean_top1_score": 0.39523601694915267,
      "pct_top1_above_floor": 0.9322033898305084,
      "n": 59,
      "errors": 0
    },
    "complex-numbers": {
      "precision@1": 0.6266666666666667,
      "precision@3": 0.86,
      "mrr": 0.7371111111111109,
      "mean_top1_score": 0.4233529866666665,
      "pct_top1_above_floor": 0.9666666666666667,
      "n": 150,
      "errors": 0
    },
    "differentiation": {
      "precision@1": 0.4192708333333333,
      "precision@3": 0.5625,
      "mrr": 0.5043836805555558,
      "mean_top1_score": 0.3821593958333333,
      "pct_top1_above_floor": 0.8932291666666666,
      "n": 384,
      "errors": 0
    },
    "financial-maths": {
      "precision@1": 0.6120689655172413,
      "precision@3": 0.8706896551724138,
      "mrr": 0.7382183908045976,
      "mean_top1_score": 0.3863049310344827,
      "pct_top1_above_floor": 0.8103448275862069,
      "n": 116,
      "errors": 0
    },
    "functions-graphs": {
      "precision@1": 0.4675324675324675,
      "precision@3": 0.6688311688311688,
      "mrr": 0.5651515151515151,
      "mean_top1_score": 0.37107222727272726,
      "pct_top1_above_floor": 0.8636363636363636,
      "n": 154,
      "errors": 0
    },
    "geometry": {
      "precision@1": 0.42448979591836733,
      "precision@3": 0.6979591836734694,
      "mrr": 0.5591156462585036,
      "mean_top1_score": 0.4025368408163266,
      "pct_top1_above_floor": 0.889795918367347,
      "n": 245,
      "errors": 0
    },
    "indices-logs": {
      "precision@1": 0.3689839572192513,
      "precision@3": 0.5454545454545454,
      "mrr": 0.46176470588235285,
      "mean_top1_score": 0.3726199839572193,
      "pct_top1_above_floor": 0.8556149732620321,
      "n": 187,
      "errors": 0
    },
    "induction": {
      "precision@1": 0.5263157894736842,
      "precision@3": 0.8947368421052632,
      "mrr": 0.7052631578947368,
      "mean_top1_score": 0.4224235263157894,
      "pct_top1_above_floor": 1.0,
      "n": 19,
      "errors": 0
    },
    "integration": {
      "precision@1": 0.4722222222222222,
      "precision@3": 0.7291666666666666,
      "mrr": 0.5917824074074074,
      "mean_top1_score": 0.3978527847222225,
      "pct_top1_above_floor": 0.9305555555555556,
      "n": 144,
      "errors": 0
    },
    "number-theory": {
      "precision@1": 0.5362318840579711,
      "precision@3": 0.6666666666666666,
      "mrr": 0.605072463768116,
      "mean_top1_score": 0.3772880724637682,
      "pct_top1_above_floor": 0.7971014492753623,
      "n": 69,
      "errors": 0
    },
    "probability": {
      "precision@1": 0.423963133640553,
      "precision@3": 0.663594470046083,
      "mrr": 0.5512288786482336,
      "mean_top1_score": 0.34104520276497685,
      "pct_top1_above_floor": 0.7741935483870968,
      "n": 217,
      "errors": 0
    },
    "sequences-series": {
      "precision@1": 0.30357142857142855,
      "precision@3": 0.47619047619047616,
      "mrr": 0.39732142857142855,
      "mean_top1_score": 0.3694845654761903,
      "pct_top1_above_floor": 0.7857142857142857,
      "n": 168,
      "errors": 0
    },
    "sequences-series-introduction": {
      "precision@1": 0.08333333333333333,
      "precision@3": 0.25,
      "mrr": 0.16666666666666666,
      "mean_top1_score": 0.36426574999999994,
      "pct_top1_above_floor": 0.8333333333333334,
      "n": 12,
      "errors": 0
    },
    "sequences-series-patterns": {
      "precision@1": 0.6153846153846154,
      "precision@3": 0.7692307692307693,
      "mrr": 0.7076923076923076,
      "mean_top1_score": 0.3935576923076924,
      "pct_top1_above_floor": 0.9230769230769231,
      "n": 13,
      "errors": 0
    },
    "statistics": {
      "precision@1": 0.52,
      "precision@3": 0.6685714285714286,
      "mrr": 0.6094285714285714,
      "mean_top1_score": 0.36087845142857156,
      "pct_top1_above_floor": 0.8,
      "n": 175,
      "errors": 0
    },
    "the-circle": {
      "precision@1": 0.5533333333333333,
      "precision@3": 0.6866666666666666,
      "mrr": 0.6221111111111112,
      "mean_top1_score": 0.4203571933333333,
      "pct_top1_above_floor": 0.9266666666666666,
      "n": 150,
      "errors": 0
    },
    "the-line": {
      "precision@1": 0.44805194805194803,
      "precision@3": 0.6623376623376623,
      "mrr": 0.554978354978355,
      "mean_top1_score": 0.4026444480519478,
      "pct_top1_above_floor": 0.935064935064935,
      "n": 154,
      "errors": 0
    },
    "trigonometry": {
      "precision@1": 0.3649754500818331,
      "precision@3": 0.5400981996726678,
      "mrr": 0.46082924168030515,
      "mean_top1_score": 0.39340912111293014,
      "pct_top1_above_floor": 0.839607201309329,
      "n": 611,
      "errors": 0
    }
  },
  "by_source": {
    "phrasings": {
      "precision@1": 0.6165562913907284,
      "precision@3": 0.8119205298013245,
      "mrr": 0.7170971302428263,
      "mean_top1_score": 0.4026163000000002,
      "pct_top1_above_floor": 0.8655629139072848,
      "n": 1510,
      "errors": 0
    },
    "solution_cross_ref": {
      "precision@1": 0.3026041666666667,
      "precision@3": 0.4921875,
      "mrr": 0.4025434027777784,
      "mean_top1_score": 0.37198038333333355,
      "pct_top1_above_floor": 0.8635416666666667,
      "n": 1920,
      "errors": 0
    }
  },
  "strand_regressions": [],
  "scope": "full"
}
