{
  "backend": "local-bm25",
  "timestamp": "2026-05-29T14:11:16",
  "subset": false,
  "top_k": 5,
  "retrieval_floor": 0.3,
  "locked_baseline_p_at_1": 0.911,
  "rows_scored": 3430,
  "errors": 0,
  "overall": {
    "precision@1": 0.43673469387755104,
    "precision@3": 0.6282798833819242,
    "mrr": 0.5339407191447988,
    "mean_top1_score": 1.0,
    "pct_top1_above_floor": 1.0
  },
  "gate": {
    "baseline_p_at_1": 0.911,
    "p_at_1": 0.43673469387755104,
    "delta": -0.474265306122449,
    "pass": false
  },
  "by_strand": {
    "algebra": {
      "precision@1": 0.34739454094292804,
      "precision@3": 0.5210918114143921,
      "mrr": 0.43246484698097615,
      "mean_top1_score": 1.0,
      "pct_top1_above_floor": 1.0,
      "n": 403,
      "errors": 0
    },
    "avm": {
      "precision@1": 0.6779661016949152,
      "precision@3": 0.847457627118644,
      "mrr": 0.757627118644068,
      "mean_top1_score": 1.0,
      "pct_top1_above_floor": 1.0,
      "n": 59,
      "errors": 0
    },
    "complex-numbers": {
      "precision@1": 0.47333333333333333,
      "precision@3": 0.8,
      "mrr": 0.6331111111111111,
      "mean_top1_score": 1.0,
      "pct_top1_above_floor": 1.0,
      "n": 150,
      "errors": 0
    },
    "differentiation": {
      "precision@1": 0.3255208333333333,
      "precision@3": 0.5052083333333334,
      "mrr": 0.4232638888888889,
      "mean_top1_score": 1.0,
      "pct_top1_above_floor": 1.0,
      "n": 384,
      "errors": 0
    },
    "financial-maths": {
      "precision@1": 0.7413793103448276,
      "precision@3": 0.8620689655172413,
      "mrr": 0.7977011494252872,
      "mean_top1_score": 1.0,
      "pct_top1_above_floor": 1.0,
      "n": 116,
      "errors": 0
    },
    "functions-graphs": {
      "precision@1": 0.4090909090909091,
      "precision@3": 0.5909090909090909,
      "mrr": 0.5095238095238095,
      "mean_top1_score": 1.0,
      "pct_top1_above_floor": 1.0,
      "n": 154,
      "errors": 0
    },
    "geometry": {
      "precision@1": 0.45714285714285713,
      "precision@3": 0.8122448979591836,
      "mrr": 0.6273469387755103,
      "mean_top1_score": 1.0,
      "pct_top1_above_floor": 1.0,
      "n": 245,
      "errors": 0
    },
    "indices-logs": {
      "precision@1": 0.3582887700534759,
      "precision@3": 0.5080213903743316,
      "mrr": 0.42950089126559704,
      "mean_top1_score": 1.0,
      "pct_top1_above_floor": 1.0,
      "n": 187,
      "errors": 0
    },
    "induction": {
      "precision@1": 0.5789473684210527,
      "precision@3": 0.7368421052631579,
      "mrr": 0.7017543859649122,
      "mean_top1_score": 1.0,
      "pct_top1_above_floor": 1.0,
      "n": 19,
      "errors": 0
    },
    "integration": {
      "precision@1": 0.5208333333333334,
      "precision@3": 0.7430555555555556,
      "mrr": 0.6322916666666667,
      "mean_top1_score": 1.0,
      "pct_top1_above_floor": 1.0,
      "n": 144,
      "errors": 0
    },
    "number-theory": {
      "precision@1": 0.5797101449275363,
      "precision@3": 0.7681159420289855,
      "mrr": 0.6756038647342997,
      "mean_top1_score": 1.0,
      "pct_top1_above_floor": 1.0,
      "n": 69,
      "errors": 0
    },
    "probability": {
      "precision@1": 0.37327188940092165,
      "precision@3": 0.4976958525345622,
      "mrr": 0.4337173579109063,
      "mean_top1_score": 1.0,
      "pct_top1_above_floor": 1.0,
      "n": 217,
      "errors": 0
    },
    "sequences-series": {
      "precision@1": 0.3392857142857143,
      "precision@3": 0.49404761904761907,
      "mrr": 0.4193452380952381,
      "mean_top1_score": 1.0,
      "pct_top1_above_floor": 1.0,
      "n": 168,
      "errors": 0
    },
    "sequences-series-introduction": {
      "precision@1": 0.16666666666666666,
      "precision@3": 0.3333333333333333,
      "mrr": 0.25,
      "mean_top1_score": 1.0,
      "pct_top1_above_floor": 1.0,
      "n": 12,
      "errors": 0
    },
    "sequences-series-patterns": {
      "precision@1": 0.6153846153846154,
      "precision@3": 0.7692307692307693,
      "mrr": 0.7115384615384616,
      "mean_top1_score": 1.0,
      "pct_top1_above_floor": 1.0,
      "n": 13,
      "errors": 0
    },
    "statistics": {
      "precision@1": 0.4742857142857143,
      "precision@3": 0.6171428571428571,
      "mrr": 0.5595238095238095,
      "mean_top1_score": 1.0,
      "pct_top1_above_floor": 1.0,
      "n": 175,
      "errors": 0
    },
    "the-circle": {
      "precision@1": 0.5066666666666667,
      "precision@3": 0.7266666666666667,
      "mrr": 0.6013333333333329,
      "mean_top1_score": 1.0,
      "pct_top1_above_floor": 1.0,
      "n": 150,
      "errors": 0
    },
    "the-line": {
      "precision@1": 0.525974025974026,
      "precision@3": 0.6883116883116883,
      "mrr": 0.603246753246753,
      "mean_top1_score": 1.0,
      "pct_top1_above_floor": 1.0,
      "n": 154,
      "errors": 0
    },
    "trigonometry": {
      "precision@1": 0.4582651391162029,
      "precision@3": 0.6448445171849427,
      "mrr": 0.55823786142935,
      "mean_top1_score": 1.0,
      "pct_top1_above_floor": 1.0,
      "n": 611,
      "errors": 0
    }
  },
  "by_source": {
    "phrasings": {
      "precision@1": 0.6907284768211921,
      "precision@3": 0.8960264900662251,
      "mrr": 0.7938741721854312,
      "mean_top1_score": 1.0,
      "pct_top1_above_floor": 1.0,
      "n": 1510,
      "errors": 0
    },
    "solution_cross_ref": {
      "precision@1": 0.23697916666666666,
      "precision@3": 0.41770833333333335,
      "mrr": 0.32951388888888905,
      "mean_top1_score": 1.0,
      "pct_top1_above_floor": 1.0,
      "n": 1920,
      "errors": 0
    }
  },
  "strand_regressions": [],
  "scope": "full"
}
