{
  "backend": "local-bge-cosine",
  "timestamp": "2026-05-29T14:24:58",
  "subset": false,
  "top_k": 5,
  "retrieval_floor": 0.3,
  "locked_baseline_p_at_1": 0.911,
  "rows_scored": 3430,
  "errors": 0,
  "overall": {
    "precision@1": 0.40816326530612246,
    "precision@3": 0.5755102040816327,
    "mrr": 0.4992711370262382,
    "mean_top1_score": 0.7401529606414025,
    "pct_top1_above_floor": 1.0
  },
  "gate": {
    "baseline_p_at_1": 0.911,
    "p_at_1": 0.40816326530612246,
    "delta": -0.5028367346938776,
    "pass": false
  },
  "by_strand": {
    "algebra": {
      "precision@1": 0.38461538461538464,
      "precision@3": 0.5235732009925558,
      "mrr": 0.4637303556658394,
      "mean_top1_score": 0.7389986352357321,
      "pct_top1_above_floor": 1.0,
      "n": 403,
      "errors": 0
    },
    "avm": {
      "precision@1": 0.559322033898305,
      "precision@3": 0.6779661016949152,
      "mrr": 0.6327683615819208,
      "mean_top1_score": 0.7252212881355934,
      "pct_top1_above_floor": 1.0,
      "n": 59,
      "errors": 0
    },
    "complex-numbers": {
      "precision@1": 0.5266666666666666,
      "precision@3": 0.7266666666666667,
      "mrr": 0.6339999999999999,
      "mean_top1_score": 0.7847841866666668,
      "pct_top1_above_floor": 1.0,
      "n": 150,
      "errors": 0
    },
    "differentiation": {
      "precision@1": 0.4427083333333333,
      "precision@3": 0.59375,
      "mrr": 0.5298611111111112,
      "mean_top1_score": 0.7319720234375003,
      "pct_top1_above_floor": 1.0,
      "n": 384,
      "errors": 0
    },
    "financial-maths": {
      "precision@1": 0.5517241379310345,
      "precision@3": 0.8362068965517241,
      "mrr": 0.6906609195402297,
      "mean_top1_score": 0.7339321034482763,
      "pct_top1_above_floor": 1.0,
      "n": 116,
      "errors": 0
    },
    "functions-graphs": {
      "precision@1": 0.4025974025974026,
      "precision@3": 0.5974025974025974,
      "mrr": 0.504004329004329,
      "mean_top1_score": 0.7307855519480521,
      "pct_top1_above_floor": 1.0,
      "n": 154,
      "errors": 0
    },
    "geometry": {
      "precision@1": 0.35918367346938773,
      "precision@3": 0.5877551020408164,
      "mrr": 0.48129251700680276,
      "mean_top1_score": 0.761488485714286,
      "pct_top1_above_floor": 1.0,
      "n": 245,
      "errors": 0
    },
    "indices-logs": {
      "precision@1": 0.28342245989304815,
      "precision@3": 0.41711229946524064,
      "mrr": 0.3645276292335117,
      "mean_top1_score": 0.7247117272727274,
      "pct_top1_above_floor": 1.0,
      "n": 187,
      "errors": 0
    },
    "induction": {
      "precision@1": 0.2631578947368421,
      "precision@3": 0.3684210526315789,
      "mrr": 0.41052631578947374,
      "mean_top1_score": 0.7921920526315788,
      "pct_top1_above_floor": 1.0,
      "n": 19,
      "errors": 0
    },
    "integration": {
      "precision@1": 0.5069444444444444,
      "precision@3": 0.7361111111111112,
      "mrr": 0.6170138888888886,
      "mean_top1_score": 0.7387859444444448,
      "pct_top1_above_floor": 1.0,
      "n": 144,
      "errors": 0
    },
    "number-theory": {
      "precision@1": 0.5507246376811594,
      "precision@3": 0.7681159420289855,
      "mrr": 0.6490338164251208,
      "mean_top1_score": 0.7427622173913043,
      "pct_top1_above_floor": 1.0,
      "n": 69,
      "errors": 0
    },
    "probability": {
      "precision@1": 0.3640552995391705,
      "precision@3": 0.5391705069124424,
      "mrr": 0.4619815668202764,
      "mean_top1_score": 0.7083388433179726,
      "pct_top1_above_floor": 1.0,
      "n": 217,
      "errors": 0
    },
    "sequences-series": {
      "precision@1": 0.32142857142857145,
      "precision@3": 0.44642857142857145,
      "mrr": 0.3988095238095239,
      "mean_top1_score": 0.7277202619047622,
      "pct_top1_above_floor": 1.0,
      "n": 168,
      "errors": 0
    },
    "sequences-series-introduction": {
      "precision@1": 0.08333333333333333,
      "precision@3": 0.25,
      "mrr": 0.18333333333333335,
      "mean_top1_score": 0.74157025,
      "pct_top1_above_floor": 1.0,
      "n": 12,
      "errors": 0
    },
    "sequences-series-patterns": {
      "precision@1": 0.6153846153846154,
      "precision@3": 0.7692307692307693,
      "mrr": 0.7269230769230769,
      "mean_top1_score": 0.7726044615384615,
      "pct_top1_above_floor": 1.0,
      "n": 13,
      "errors": 0
    },
    "statistics": {
      "precision@1": 0.3028571428571429,
      "precision@3": 0.46285714285714286,
      "mrr": 0.3887619047619048,
      "mean_top1_score": 0.6984645200000001,
      "pct_top1_above_floor": 1.0,
      "n": 175,
      "errors": 0
    },
    "the-circle": {
      "precision@1": 0.6,
      "precision@3": 0.7133333333333334,
      "mrr": 0.662222222222222,
      "mean_top1_score": 0.7746490666666669,
      "pct_top1_above_floor": 1.0,
      "n": 150,
      "errors": 0
    },
    "the-line": {
      "precision@1": 0.525974025974026,
      "precision@3": 0.6623376623376623,
      "mrr": 0.5998917748917748,
      "mean_top1_score": 0.7612358831168832,
      "pct_top1_above_floor": 1.0,
      "n": 154,
      "errors": 0
    },
    "trigonometry": {
      "precision@1": 0.3502454991816694,
      "precision@3": 0.513911620294599,
      "mrr": 0.43505182760501926,
      "mean_top1_score": 0.7468195810147292,
      "pct_top1_above_floor": 1.0,
      "n": 611,
      "errors": 0
    }
  },
  "by_source": {
    "phrasings": {
      "precision@1": 0.5867549668874172,
      "precision@3": 0.7721854304635761,
      "mrr": 0.6849337748344386,
      "mean_top1_score": 0.7575157556291399,
      "pct_top1_above_floor": 1.0,
      "n": 1510,
      "errors": 0
    },
    "solution_cross_ref": {
      "precision@1": 0.2677083333333333,
      "precision@3": 0.42083333333333334,
      "mrr": 0.3532552083333341,
      "mean_top1_score": 0.7264978458333334,
      "pct_top1_above_floor": 1.0,
      "n": 1920,
      "errors": 0
    }
  },
  "strand_regressions": [],
  "scope": "full"
}
