{
  "backend": "local-hybrid",
  "timestamp": "2026-05-29T14:25:28",
  "subset": true,
  "top_k": 5,
  "retrieval_floor": 0.3,
  "locked_baseline_p_at_1": 0.911,
  "rows_scored": 200,
  "errors": 0,
  "overall": {
    "precision@1": 0.42,
    "precision@3": 0.58,
    "mrr": 0.5050833333333332,
    "mean_top1_score": 1.0,
    "pct_top1_above_floor": 1.0
  },
  "gate": {
    "baseline_p_at_1": 0.911,
    "p_at_1": 0.42,
    "delta": -0.49100000000000005,
    "pass": false
  },
  "by_strand": {
    "algebra": {
      "precision@1": 0.35294117647058826,
      "precision@3": 0.5882352941176471,
      "mrr": 0.4509803921568627,
      "mean_top1_score": 1.0,
      "pct_top1_above_floor": 1.0,
      "n": 17,
      "errors": 0
    },
    "avm": {
      "precision@1": 0.625,
      "precision@3": 0.75,
      "mrr": 0.7125,
      "mean_top1_score": 1.0,
      "pct_top1_above_floor": 1.0,
      "n": 8,
      "errors": 0
    },
    "complex-numbers": {
      "precision@1": 0.5,
      "precision@3": 0.75,
      "mrr": 0.6145833333333333,
      "mean_top1_score": 1.0,
      "pct_top1_above_floor": 1.0,
      "n": 8,
      "errors": 0
    },
    "differentiation": {
      "precision@1": 0.25,
      "precision@3": 0.375,
      "mrr": 0.30208333333333337,
      "mean_top1_score": 1.0,
      "pct_top1_above_floor": 1.0,
      "n": 16,
      "errors": 0
    },
    "financial-maths": {
      "precision@1": 0.8461538461538461,
      "precision@3": 0.9230769230769231,
      "mrr": 0.8846153846153846,
      "mean_top1_score": 1.0,
      "pct_top1_above_floor": 1.0,
      "n": 13,
      "errors": 0
    },
    "functions-graphs": {
      "precision@1": 0.4444444444444444,
      "precision@3": 0.5555555555555556,
      "mrr": 0.5259259259259259,
      "mean_top1_score": 1.0,
      "pct_top1_above_floor": 1.0,
      "n": 9,
      "errors": 0
    },
    "geometry": {
      "precision@1": 0.23076923076923078,
      "precision@3": 0.46153846153846156,
      "mrr": 0.37179487179487186,
      "mean_top1_score": 1.0,
      "pct_top1_above_floor": 1.0,
      "n": 13,
      "errors": 0
    },
    "indices-logs": {
      "precision@1": 0.25,
      "precision@3": 0.5,
      "mrr": 0.3541666666666667,
      "mean_top1_score": 1.0,
      "pct_top1_above_floor": 1.0,
      "n": 8,
      "errors": 0
    },
    "induction": {
      "precision@1": 0.6,
      "precision@3": 0.8,
      "mrr": 0.75,
      "mean_top1_score": 1.0,
      "pct_top1_above_floor": 1.0,
      "n": 5,
      "errors": 0
    },
    "integration": {
      "precision@1": 0.42857142857142855,
      "precision@3": 0.5714285714285714,
      "mrr": 0.5,
      "mean_top1_score": 1.0,
      "pct_top1_above_floor": 1.0,
      "n": 7,
      "errors": 0
    },
    "number-theory": {
      "precision@1": 0.4444444444444444,
      "precision@3": 0.8888888888888888,
      "mrr": 0.6296296296296297,
      "mean_top1_score": 1.0,
      "pct_top1_above_floor": 1.0,
      "n": 9,
      "errors": 0
    },
    "probability": {
      "precision@1": 0.36363636363636365,
      "precision@3": 0.6363636363636364,
      "mrr": 0.48787878787878786,
      "mean_top1_score": 1.0,
      "pct_top1_above_floor": 1.0,
      "n": 11,
      "errors": 0
    },
    "sequences-series": {
      "precision@1": 0.125,
      "precision@3": 0.125,
      "mrr": 0.15,
      "mean_top1_score": 1.0,
      "pct_top1_above_floor": 1.0,
      "n": 8,
      "errors": 0
    },
    "sequences-series-introduction": {
      "precision@1": 0.25,
      "precision@3": 0.25,
      "mrr": 0.25,
      "mean_top1_score": 1.0,
      "pct_top1_above_floor": 1.0,
      "n": 4,
      "errors": 0
    },
    "sequences-series-patterns": {
      "precision@1": 0.25,
      "precision@3": 0.25,
      "mrr": 0.3,
      "mean_top1_score": 1.0,
      "pct_top1_above_floor": 1.0,
      "n": 4,
      "errors": 0
    },
    "statistics": {
      "precision@1": 0.45454545454545453,
      "precision@3": 0.45454545454545453,
      "mrr": 0.4954545454545455,
      "mean_top1_score": 1.0,
      "pct_top1_above_floor": 1.0,
      "n": 11,
      "errors": 0
    },
    "the-circle": {
      "precision@1": 0.625,
      "precision@3": 0.75,
      "mrr": 0.715625,
      "mean_top1_score": 1.0,
      "pct_top1_above_floor": 1.0,
      "n": 16,
      "errors": 0
    },
    "the-line": {
      "precision@1": 0.4,
      "precision@3": 0.6666666666666666,
      "mrr": 0.5222222222222223,
      "mean_top1_score": 1.0,
      "pct_top1_above_floor": 1.0,
      "n": 15,
      "errors": 0
    },
    "trigonometry": {
      "precision@1": 0.3888888888888889,
      "precision@3": 0.4444444444444444,
      "mrr": 0.4212962962962963,
      "mean_top1_score": 1.0,
      "pct_top1_above_floor": 1.0,
      "n": 18,
      "errors": 0
    }
  },
  "by_source": {
    "phrasings": {
      "precision@1": 0.7671232876712328,
      "precision@3": 0.8904109589041096,
      "mrr": 0.8349315068493152,
      "mean_top1_score": 1.0,
      "pct_top1_above_floor": 1.0,
      "n": 73,
      "errors": 0
    },
    "solution_cross_ref": {
      "precision@1": 0.2204724409448819,
      "precision@3": 0.4015748031496063,
      "mrr": 0.31548556430446195,
      "mean_top1_score": 1.0,
      "pct_top1_above_floor": 1.0,
      "n": 127,
      "errors": 0
    }
  },
  "strand_regressions": [],
  "scope": "subset"
}
