{
  "backend": "voyage-hybrid-rerank",
  "timestamp": "2026-06-02T16:54:04",
  "subset": true,
  "top_k": 5,
  "retrieval_floor": 0.3,
  "locked_baseline_p_at_1": 0.911,
  "rows_scored": 196,
  "errors": 0,
  "overall": {
    "precision@1": 0.5306122448979592,
    "precision@3": 0.6785714285714286,
    "mrr": 0.6160714285714285,
    "mean_top1_score": 1.0,
    "pct_top1_above_floor": 1.0
  },
  "gate": {
    "baseline_p_at_1": 0.911,
    "p_at_1": 0.5306122448979592,
    "delta": -0.3803877551020408,
    "pass": false
  },
  "by_strand": {
    "algebra": {
      "precision@1": 0.4117647058823529,
      "precision@3": 0.5294117647058824,
      "mrr": 0.48235294117647054,
      "mean_top1_score": 1.0,
      "pct_top1_above_floor": 1.0,
      "n": 17,
      "errors": 0
    },
    "avm": {
      "precision@1": 0.8571428571428571,
      "precision@3": 0.8571428571428571,
      "mrr": 0.8571428571428571,
      "mean_top1_score": 1.0,
      "pct_top1_above_floor": 1.0,
      "n": 7,
      "errors": 0
    },
    "complex-numbers": {
      "precision@1": 0.5,
      "precision@3": 0.75,
      "mrr": 0.625,
      "mean_top1_score": 1.0,
      "pct_top1_above_floor": 1.0,
      "n": 8,
      "errors": 0
    },
    "differentiation": {
      "precision@1": 0.3125,
      "precision@3": 0.4375,
      "mrr": 0.3770833333333333,
      "mean_top1_score": 1.0,
      "pct_top1_above_floor": 1.0,
      "n": 16,
      "errors": 0
    },
    "financial-maths": {
      "precision@1": 0.6923076923076923,
      "precision@3": 0.8461538461538461,
      "mrr": 0.7884615384615384,
      "mean_top1_score": 1.0,
      "pct_top1_above_floor": 1.0,
      "n": 13,
      "errors": 0
    },
    "functions-graphs": {
      "precision@1": 0.5555555555555556,
      "precision@3": 0.6666666666666666,
      "mrr": 0.6333333333333333,
      "mean_top1_score": 1.0,
      "pct_top1_above_floor": 1.0,
      "n": 9,
      "errors": 0
    },
    "geometry": {
      "precision@1": 0.46153846153846156,
      "precision@3": 0.6923076923076923,
      "mrr": 0.5666666666666667,
      "mean_top1_score": 1.0,
      "pct_top1_above_floor": 1.0,
      "n": 13,
      "errors": 0
    },
    "indices-logs": {
      "precision@1": 0.25,
      "precision@3": 0.375,
      "mrr": 0.36875,
      "mean_top1_score": 1.0,
      "pct_top1_above_floor": 1.0,
      "n": 8,
      "errors": 0
    },
    "induction": {
      "precision@1": 0.8,
      "precision@3": 1.0,
      "mrr": 0.9,
      "mean_top1_score": 1.0,
      "pct_top1_above_floor": 1.0,
      "n": 5,
      "errors": 0
    },
    "integration": {
      "precision@1": 0.42857142857142855,
      "precision@3": 0.5714285714285714,
      "mrr": 0.5119047619047619,
      "mean_top1_score": 1.0,
      "pct_top1_above_floor": 1.0,
      "n": 7,
      "errors": 0
    },
    "number-theory": {
      "precision@1": 0.6666666666666666,
      "precision@3": 0.8888888888888888,
      "mrr": 0.7777777777777778,
      "mean_top1_score": 1.0,
      "pct_top1_above_floor": 1.0,
      "n": 9,
      "errors": 0
    },
    "probability": {
      "precision@1": 0.6,
      "precision@3": 0.8,
      "mrr": 0.7283333333333333,
      "mean_top1_score": 1.0,
      "pct_top1_above_floor": 1.0,
      "n": 10,
      "errors": 0
    },
    "sequences-series": {
      "precision@1": 0.25,
      "precision@3": 0.25,
      "mrr": 0.30625,
      "mean_top1_score": 1.0,
      "pct_top1_above_floor": 1.0,
      "n": 8,
      "errors": 0
    },
    "sequences-series-introduction": {
      "precision@1": 0.25,
      "precision@3": 0.5,
      "mrr": 0.3333333333333333,
      "mean_top1_score": 1.0,
      "pct_top1_above_floor": 1.0,
      "n": 4,
      "errors": 0
    },
    "sequences-series-patterns": {
      "precision@1": 0.5,
      "precision@3": 0.75,
      "mrr": 0.6333333333333334,
      "mean_top1_score": 1.0,
      "pct_top1_above_floor": 1.0,
      "n": 4,
      "errors": 0
    },
    "statistics": {
      "precision@1": 0.6363636363636364,
      "precision@3": 0.7272727272727273,
      "mrr": 0.7227272727272728,
      "mean_top1_score": 1.0,
      "pct_top1_above_floor": 1.0,
      "n": 11,
      "errors": 0
    },
    "the-circle": {
      "precision@1": 0.6875,
      "precision@3": 0.9375,
      "mrr": 0.8125,
      "mean_top1_score": 1.0,
      "pct_top1_above_floor": 1.0,
      "n": 16,
      "errors": 0
    },
    "the-line": {
      "precision@1": 0.6,
      "precision@3": 0.7333333333333333,
      "mrr": 0.6855555555555556,
      "mean_top1_score": 1.0,
      "pct_top1_above_floor": 1.0,
      "n": 15,
      "errors": 0
    },
    "trigonometry": {
      "precision@1": 0.5625,
      "precision@3": 0.625,
      "mrr": 0.5833333333333333,
      "mean_top1_score": 1.0,
      "pct_top1_above_floor": 1.0,
      "n": 16,
      "errors": 0
    }
  },
  "by_source": {
    "phrasings": {
      "precision@1": 0.9178082191780822,
      "precision@3": 1.0,
      "mrr": 0.9543378995433789,
      "mean_top1_score": 1.0,
      "pct_top1_above_floor": 1.0,
      "n": 73,
      "errors": 0
    },
    "solution_cross_ref": {
      "precision@1": 0.3008130081300813,
      "precision@3": 0.4878048780487805,
      "mrr": 0.4153116531165314,
      "mean_top1_score": 1.0,
      "pct_top1_above_floor": 1.0,
      "n": 123,
      "errors": 0
    }
  },
  "strand_regressions": [],
  "scope": "subset"
}
