{
  "backend": "voyage-cosine",
  "timestamp": "2026-06-02T16:44:58",
  "subset": true,
  "top_k": 5,
  "retrieval_floor": 0.3,
  "locked_baseline_p_at_1": 0.911,
  "rows_scored": 99,
  "errors": 0,
  "overall": {
    "precision@1": 0.5757575757575758,
    "precision@3": 0.7171717171717171,
    "mrr": 0.6557239057239059,
    "mean_top1_score": 0.5229510404040402,
    "pct_top1_above_floor": 1.0
  },
  "gate": {
    "baseline_p_at_1": 0.911,
    "p_at_1": 0.5757575757575758,
    "delta": -0.33524242424242423,
    "pass": false
  },
  "by_strand": {
    "algebra": {
      "precision@1": 0.375,
      "precision@3": 0.75,
      "mrr": 0.59375,
      "mean_top1_score": 0.52936075,
      "pct_top1_above_floor": 1.0,
      "n": 8,
      "errors": 0
    },
    "avm": {
      "precision@1": 1.0,
      "precision@3": 1.0,
      "mrr": 1.0,
      "mean_top1_score": 0.56735425,
      "pct_top1_above_floor": 1.0,
      "n": 4,
      "errors": 0
    },
    "complex-numbers": {
      "precision@1": 0.8,
      "precision@3": 0.8,
      "mrr": 0.8,
      "mean_top1_score": 0.5465485999999999,
      "pct_top1_above_floor": 1.0,
      "n": 5,
      "errors": 0
    },
    "differentiation": {
      "precision@1": 0.2857142857142857,
      "precision@3": 0.2857142857142857,
      "mrr": 0.31428571428571433,
      "mean_top1_score": 0.5003398571428572,
      "pct_top1_above_floor": 1.0,
      "n": 7,
      "errors": 0
    },
    "financial-maths": {
      "precision@1": 0.7272727272727273,
      "precision@3": 0.9090909090909091,
      "mrr": 0.8181818181818182,
      "mean_top1_score": 0.5139758181818181,
      "pct_top1_above_floor": 1.0,
      "n": 11,
      "errors": 0
    },
    "functions-graphs": {
      "precision@1": 0.6,
      "precision@3": 0.6,
      "mrr": 0.65,
      "mean_top1_score": 0.4703158,
      "pct_top1_above_floor": 1.0,
      "n": 5,
      "errors": 0
    },
    "geometry": {
      "precision@1": 0.5714285714285714,
      "precision@3": 0.7142857142857143,
      "mrr": 0.6428571428571429,
      "mean_top1_score": 0.582116,
      "pct_top1_above_floor": 1.0,
      "n": 7,
      "errors": 0
    },
    "indices-logs": {
      "precision@1": 0.25,
      "precision@3": 0.5,
      "mrr": 0.3958333333333333,
      "mean_top1_score": 0.49978675000000006,
      "pct_top1_above_floor": 1.0,
      "n": 4,
      "errors": 0
    },
    "integration": {
      "precision@1": 0.5,
      "precision@3": 1.0,
      "mrr": 0.6666666666666666,
      "mean_top1_score": 0.4298475,
      "pct_top1_above_floor": 1.0,
      "n": 2,
      "errors": 0
    },
    "number-theory": {
      "precision@1": 0.6,
      "precision@3": 0.8,
      "mrr": 0.74,
      "mean_top1_score": 0.4787274,
      "pct_top1_above_floor": 1.0,
      "n": 5,
      "errors": 0
    },
    "probability": {
      "precision@1": 0.6666666666666666,
      "precision@3": 0.6666666666666666,
      "mrr": 0.7000000000000001,
      "mean_top1_score": 0.46261500000000005,
      "pct_top1_above_floor": 1.0,
      "n": 6,
      "errors": 0
    },
    "sequences-series": {
      "precision@1": 1.0,
      "precision@3": 1.0,
      "mrr": 1.0,
      "mean_top1_score": 0.663794,
      "pct_top1_above_floor": 1.0,
      "n": 1,
      "errors": 0
    },
    "sequences-series-introduction": {
      "precision@1": 0.5,
      "precision@3": 0.5,
      "mrr": 0.5,
      "mean_top1_score": 0.4862375,
      "pct_top1_above_floor": 1.0,
      "n": 2,
      "errors": 0
    },
    "sequences-series-patterns": {
      "precision@1": 0.5,
      "precision@3": 1.0,
      "mrr": 0.75,
      "mean_top1_score": 0.5276055,
      "pct_top1_above_floor": 1.0,
      "n": 2,
      "errors": 0
    },
    "statistics": {
      "precision@1": 1.0,
      "precision@3": 1.0,
      "mrr": 1.0,
      "mean_top1_score": 0.48824199999999995,
      "pct_top1_above_floor": 1.0,
      "n": 2,
      "errors": 0
    },
    "the-circle": {
      "precision@1": 0.6,
      "precision@3": 0.7,
      "mrr": 0.6533333333333333,
      "mean_top1_score": 0.5805369,
      "pct_top1_above_floor": 1.0,
      "n": 10,
      "errors": 0
    },
    "the-line": {
      "precision@1": 0.6666666666666666,
      "precision@3": 0.7777777777777778,
      "mrr": 0.7037037037037037,
      "mean_top1_score": 0.5141404444444445,
      "pct_top1_above_floor": 1.0,
      "n": 9,
      "errors": 0
    },
    "trigonometry": {
      "precision@1": 0.3333333333333333,
      "precision@3": 0.5555555555555556,
      "mrr": 0.44814814814814813,
      "mean_top1_score": 0.535981888888889,
      "pct_top1_above_floor": 1.0,
      "n": 9,
      "errors": 0
    }
  },
  "by_source": {
    "phrasings": {
      "precision@1": 0.7123287671232876,
      "precision@3": 0.821917808219178,
      "mrr": 0.7776255707762558,
      "mean_top1_score": 0.5342520958904109,
      "pct_top1_above_floor": 1.0,
      "n": 73,
      "errors": 0
    },
    "solution_cross_ref": {
      "precision@1": 0.19230769230769232,
      "precision@3": 0.4230769230769231,
      "mrr": 0.31346153846153846,
      "mean_top1_score": 0.4912211538461537,
      "pct_top1_above_floor": 1.0,
      "n": 26,
      "errors": 0
    }
  },
  "strand_regressions": [],
  "scope": "subset"
}
