{
  "backend": "local-bm25",
  "scope": "full",
  "n": 3430,
  "overall": {
    "recall@1": 0.43673469387755104,
    "recall@5": 0.6810495626822157,
    "recall@20": 0.8271137026239067
  },
  "by_source": {
    "phrasings": {
      "recall@1": 0.6907284768211921,
      "recall@5": 0.9357615894039735,
      "recall@20": 0.9913907284768212,
      "n": 1510
    },
    "solution_cross_ref": {
      "recall@1": 0.23697916666666666,
      "recall@5": 0.48072916666666665,
      "recall@20": 0.6979166666666666,
      "n": 1920
    }
  },
  "timestamp": "2026-05-29T14:11:16"
}
