{
  "backend": "voyage-hybrid",
  "scope": "full",
  "n": 3430,
  "overall": {
    "recall@1": 0.5148688046647231,
    "recall@5": 0.7766763848396502,
    "recall@20": 0.8813411078717202
  },
  "by_source": {
    "phrasings": {
      "recall@1": 0.7403973509933774,
      "recall@5": 0.9668874172185431,
      "recall@20": 0.9953642384105961,
      "n": 1510
    },
    "solution_cross_ref": {
      "recall@1": 0.3375,
      "recall@5": 0.6270833333333333,
      "recall@20": 0.7916666666666666,
      "n": 1920
    }
  },
  "timestamp": "2026-06-12T08:56:42"
}
