{
  "backend": "local-bge-cosine",
  "scope": "full",
  "n": 3430,
  "overall": {
    "recall@1": 0.40816326530612246,
    "recall@5": 0.6466472303206997,
    "recall@20": 0.8119533527696793
  },
  "by_source": {
    "phrasings": {
      "recall@1": 0.5867549668874172,
      "recall@5": 0.8337748344370861,
      "recall@20": 0.9417218543046357,
      "n": 1510
    },
    "solution_cross_ref": {
      "recall@1": 0.2677083333333333,
      "recall@5": 0.49947916666666664,
      "recall@20": 0.7098958333333333,
      "n": 1920
    }
  },
  "timestamp": "2026-05-29T14:24:58"
}
