{
  "backend": "local-hybrid",
  "scope": "full",
  "n": 3430,
  "overall": {
    "recall@1": 0.4967930029154519,
    "recall@5": 0.7451895043731779,
    "recall@20": 0.8717201166180758
  },
  "by_source": {
    "phrasings": {
      "recall@1": 0.7086092715231788,
      "recall@5": 0.937748344370861,
      "recall@20": 0.9841059602649007,
      "n": 1510
    },
    "solution_cross_ref": {
      "recall@1": 0.3302083333333333,
      "recall@5": 0.59375,
      "recall@20": 0.7833333333333333,
      "n": 1920
    }
  },
  "timestamp": "2026-05-29T14:23:35"
}
