{
  "backend": "local-arctic-cosine",
  "scope": "full",
  "n": 3430,
  "overall": {
    "recall@1": 0.44081632653061226,
    "recall@5": 0.6991253644314869,
    "recall@20": 0.8483965014577259
  },
  "by_source": {
    "phrasings": {
      "recall@1": 0.6165562913907284,
      "recall@5": 0.8642384105960265,
      "recall@20": 0.9417218543046357,
      "n": 1510
    },
    "solution_cross_ref": {
      "recall@1": 0.3026041666666667,
      "recall@5": 0.5692708333333333,
      "recall@20": 0.775,
      "n": 1920
    }
  },
  "timestamp": "2026-05-29T14:19:48"
}
