{
  "backend": "voyage-cosine",
  "scope": "full",
  "n": 3430,
  "overall": {
    "recall@1": 0.4915451895043732,
    "recall@5": 0.7655976676384839,
    "recall@20": 0.89533527696793
  },
  "by_source": {
    "phrasings": {
      "recall@1": 0.6867549668874172,
      "recall@5": 0.9172185430463576,
      "recall@20": 0.9794701986754967,
      "n": 1510
    },
    "solution_cross_ref": {
      "recall@1": 0.3380208333333333,
      "recall@5": 0.6463541666666667,
      "recall@20": 0.8291666666666667,
      "n": 1920
    }
  },
  "timestamp": "2026-06-12T08:56:40"
}
