{
  "backend": "voyage-hybrid",
  "scope": "subset",
  "n": 106,
  "overall": {
    "recall@1": 0.6320754716981132,
    "recall@5": 0.8679245283018868,
    "recall@20": 0.9056603773584906
  },
  "by_source": {
    "phrasings": {
      "recall@1": 0.7671232876712328,
      "recall@5": 0.958904109589041,
      "recall@20": 0.9726027397260274,
      "n": 73
    },
    "solution_cross_ref": {
      "recall@1": 0.3333333333333333,
      "recall@5": 0.6666666666666666,
      "recall@20": 0.7575757575757576,
      "n": 33
    }
  },
  "timestamp": "2026-06-02T16:45:37"
}
