{
  "backend": "voyage-cosine",
  "scope": "full",
  "n": 94,
  "overall": {
    "recall@1": 0.6808510638297872,
    "recall@5": 0.9042553191489362,
    "recall@20": 0.9680851063829787
  },
  "by_source": {
    "phrasings": {
      "recall@1": 0.6808510638297872,
      "recall@5": 0.9042553191489362,
      "recall@20": 0.9680851063829787,
      "n": 94
    }
  },
  "timestamp": "2026-06-02T16:37:54"
}
