{
  "backend": "voyage-cosine",
  "scope": "subset",
  "n": 99,
  "overall": {
    "recall@1": 0.6161616161616161,
    "recall@5": 0.8484848484848485,
    "recall@20": 0.9595959595959596
  },
  "by_source": {
    "phrasings": {
      "recall@1": 0.7123287671232876,
      "recall@5": 0.8904109589041096,
      "recall@20": 0.9863013698630136,
      "n": 73
    },
    "solution_cross_ref": {
      "recall@1": 0.34615384615384615,
      "recall@5": 0.7307692307692307,
      "recall@20": 0.8846153846153846,
      "n": 26
    }
  },
  "timestamp": "2026-06-02T16:44:58"
}
